CS2_35,CS2_36,CS2_37,CS2_38
1.1263837539290653,1.1338058525801284,1.1242522233516854,1.1269631704406782
1.1261591880262145,1.1334134702080227,1.1239696786835869,1.126641539403854
1.1259652392547332,1.1328270935295972,1.1236108579499544,1.1260178005006658
1.1185069336562692,1.1270325972473367,1.117114140875649,1.1243543278144001
1.1172107096482085,1.1267110385857635,1.116238339455012,1.1234087066352147
1.113754706364895,1.1242610174816854,1.1089586956419617,1.1151805808353066
1.0988180307634998,1.115012593123139,1.0981491184726075,1.1000519364259502
1.0961796710882477,1.1089673729067682,1.0958776868865177,1.09824219973491
1.0898705630569558,1.107588259620446,1.0896725180653335,1.096641461412929
1.087582105133216,1.1057721523490422,1.0874853926062207,1.0897531023322244
1.0947475017546493,1.1082763180842368,1.0945739662063216,1.0979544675080577
1.0955682861260345,1.1129329402818924,1.095733688769235,1.0991567111323772
1.0954329181344482,1.112987297119318,1.0957624927258576,1.1031440098608716
1.0952239755586166,1.1127972266106423,1.095512942777356,1.1028650540968559
1.0948029804700026,1.112458117494704,1.0952637526083293,1.0988014153235963
1.0944448818054204,1.1121910188246866,1.0947059929827045,1.0986060110207985
1.094044210986993,1.1120124016164137,1.0943249512353832,1.0981729301024696
1.0934621744084239,1.1080018107629974,1.093701175217156,1.0978659312040695
1.0927347250014279,1.1075350498517613,1.093135248783498,1.0973714313442273
1.0888531191823507,1.107138879975897,1.0926352530938115,1.0969155352992694
1.0883819353047057,1.1067523030852262,1.088815739702483,1.0965191435876436
1.0879949622434808,1.1064775505881514,1.0885094300711355,1.0961647114316184
1.0876294747774244,1.1063048577618595,1.0882088187680825,1.0958463674116747
1.0872339747816677,1.1058361646847608,1.0877282115304434,1.0955221392329566
1.086799750203352,1.1054576126030573,1.087288678953975,1.0950980518114195
1.0863969347863183,1.1051377046874828,1.0798658580075409,1.0947547186744337
1.0764608230038526,1.095704042043379,1.0694498511472712,1.0786643588571247
1.0682813221830256,1.089109329830633,1.0678942263903894,1.0714325674788445
1.0618711650118102,1.087908119708615,1.06195382143153,1.069830266725817
1.0604494494598224,1.0871397065349913,1.0604388811934107,1.068625023028057
1.0590695986655052,1.0859839181627442,1.0692823149800252,1.0673164668389539
1.0684312341535738,1.0940265825955278,1.0748703497413055,1.0778303729125014
1.0697648282291896,1.0949674538608214,1.06949012379658,1.0790008048451962
1.061247680156047,1.0858072686171816,1.0594289067563383,1.0676609559498424
1.0528032117777877,1.0794433425769643,1.0575280204144901,1.0600511441067095
1.051497504789713,1.0791850428295044,1.0527080603917784,1.0599698719934127
1.0507890005907816,1.0784585122340504,1.0514142964131987,1.0592211809057785
1.0497710507115527,1.078671754920048,1.0606646823592947,1.058933648071698
1.059165526927761,1.0866210059776713,1.0662983398179067,1.0689694853806095
1.0604562769975,1.087076259081475,1.0667989185164357,1.070108870174148
1.0576333007243877,1.0777931923119812,1.0507124701726074,1.058864299369342
1.0482748070384298,1.0767811997121362,1.0501655270789247,1.0524984322994126
1.0433943107767545,1.076472962586637,1.0496399516582147,1.0523209935994002
1.0429173336514674,1.0718238361585994,1.0485109026049637,1.0523702659184428
1.0420187613485279,1.0711219938623833,1.050782638509755,1.0506016126590028
1.0497251629581905,1.0794928484842894,1.0582523240573283,1.0609415352777054
1.0519052630717964,1.0803035189843386,1.059199498827294,1.0661818264786727
1.05632726772169,1.0715312438977533,1.0480747064835563,1.0522883488401025
1.0414679674669045,1.0707658612428808,1.0431277573567388,1.0504993550974195
1.0410036358475088,1.0701727140880217,1.0423836597687595,1.0499054541378368
1.0404858766532807,1.0696148375889902,1.0415767934579332,1.0497823117829148
1.0392124946405181,1.0687016030762984,1.0874572542770746,1.0497599074737047
1.0869984813726612,1.1050292714205077,1.085281062355999,1.0902939110816638
1.0806067377801432,1.0990915610215595,1.0874953964039342,1.090891153493166
1.0867498008138834,1.1049862014347107,1.087183295683583,1.0962908682356445
1.0865585281723744,1.1047656617288746,1.077635922225114,1.096885027004779
1.0774225393572994,1.0962991514646494,1.0708736421402327,1.087829352895382
1.0701682590046844,1.089842830396441,1.0699147983387662,1.080736916830139
1.0687236901575585,1.0886566293806132,1.0599976891143774,1.0805105646682696
1.0599742289876417,1.0807617133816643,1.0619580045611328,1.0785127540801656
1.0609008938840423,1.0860903800262973,1.0605358292521991,1.0785372159269744
1.0596781798340296,1.080809046624748,1.0518354692074432,1.078104849779423
1.0511782652242707,1.0778787952633733,1.0510542494400192,1.0709787598869691
1.050114800982253,1.0725074046597398,1.050165781839336,1.0633453927083933
1.0443449600245167,1.0716453969790207,1.044471688315573,1.0629392788312926
1.043578177866299,1.0710674203816868,1.0423162192555322,1.0609878483511122
1.041433572096743,1.06942728641206,1.0437724454073793,1.0523399394246358
1.042325685617896,1.0701089570774682,1.0434461520255287,1.0604151938846893
1.0419557833618114,1.069803950431728,1.0405314122121399,1.05933009540387
1.0346433658417964,1.0630967601717773,1.03489172620661,1.0514236495565155
1.0334440153090447,1.0626737682591092,1.0347169581455402,1.0513100713557137
1.0329166967760741,1.06229127295587,1.034136488494517,1.0510663482321843
1.0324275177623006,1.0618673166885584,1.0321676316090416,1.0446972912079986
1.0256937363490233,1.0609902907208708,1.0347642609324204,1.0521034473393984
1.0320828933023745,1.0621528942232088,1.0345966021630058,1.0521284029576103
1.0319120728944353,1.0617819619661677,1.0340912213693747,1.051529208625572
1.0313863694053191,1.0613741703381603,1.03346039802897,1.051059712434265
1.0303637400967522,1.0610964721923701,1.0329444452603616,1.0505892149398348
1.0253773540231053,1.0608593236946184,0.9206618160972994,1.0506692794851489
1.0253169236092907,0.9434335688257469,1.03263522531858,1.0502208455444395
1.0247274166267968,0.943051589802983,1.031854535634293,1.0449342460940778
1.023678921459447,1.059970775242851,1.0313669314989096,1.04468178403507
1.0230804965781202,1.0596325040600094,1.030823880316734,1.044241616660562
1.0226447478182992,1.0593854730696646,1.0301279464788358,1.0436842025268052
1.0220903500223044,1.0591521201604246,1.0254490897457167,1.0432215235505302
1.021515469077289,0.9405947610839757,1.0250135354654353,0.8866049161112246
1.0166035949975494,1.0584288196692866,1.0249457270346345,1.0429304417728966
1.0210171272452744,1.0585671099957514,0.912243896599341,1.042103762475335
1.0157504627835054,1.0535031490234446,1.0238650302190626,1.0416267677139182
1.0151333079143978,1.0531053401847728,1.0235421753707565,1.041281715919152
1.0147877293141974,1.0525036995982704,0.9041437648143942,1.0259221312938347
1.0055386494156566,1.0448663335001231,1.0082441801940076,1.0252103893199016
1.0041145710456438,1.0441194425721538,1.0074462587895792,1.0245960464123156
0.9987375787385532,1.0434838306500296,1.0067381124340038,1.041032451492216
0.9978445145144945,1.051927966351405,1.0242037153146148,1.0349104071679998
1.0161956398065761,1.0518010126265156,1.0236856435178388,1.0354994362673866
1.0155185432934393,1.0514622818611619,1.0230352867953525,1.0445398711838951
1.0142623610192638,1.0585841869623849,1.0303085999917603,1.0449149805300062
1.0229535696594936,1.0591228130515058,1.0311299319357343,1.0409031591819213
1.0230954350429793,1.0521255426387317,1.0242303290711494,1.0349297618368778
1.0136371251602485,1.0506551765865562,1.0166140759942905,1.0343531694143564
1.0421108541142337,1.050607193454042,1.0166027343065398,1.0336380758665775
1.041561912462449,1.0504060893487728,1.0163084841624044,1.0324904452923973
1.0496817229278839,1.044610451296187,1.01504510116878,1.0415501233677698
1.0502197209877848,1.0523020849798603,1.0221169772883874,1.0419322952533987
1.0345133051331366,1.0570255198253322,1.0235778232067503,1.032944197069546
1.0342066105754826,0.9419007326373878,1.023831883404081,1.0266283248025465
1.0346733519642455,1.0436737542304972,1.0131895014217465,1.025173651374383
1.0333619351049976,1.0436596356989778,0.8948926584880641,1.025266811231071
1.0323494954373154,1.043536502771557,1.0120145035926353,1.0233654235208092
1.0411686279849577,1.0422244600745596,1.0069227288614555,1.033741786844635
1.0414141241755395,1.0438376580474265,1.0051414013642337,1.0341707964737954
1.0316781254278524,1.050558048085118,1.0155866077615465,1.024893386523968
1.0251239306489934,0.9395790781227936,1.0201291945867168,1.023218066130339
1.023764461379509,1.0418213777906558,1.0073398809910779,1.0230253765508375
1.0230330752440147,1.0412620663421117,1.0049417543600516,1.0174601202829112
1.0168250572663167,1.041318683661214,1.0046882633832608,1.0081744065519656
1.0308917514380314,1.0359009678997275,1.00499795542266,0.8767524271677293
1.0313292767674753,1.0348387200916265,0.9971639096928067,1.0250391156124543
1.0216357789348516,1.0436362867349505,1.0118851716481927,1.02660752055092
1.0136925611828143,1.0481718060561804,1.0132406854380538,1.032694257672021
1.0140506898764075,1.049384248074454,1.01360010144366,1.0332805842081798
1.0074247387931283,1.04998877267537,1.0150771130611456,1.0339792995106492
1.0144957323132477,1.0503918238787968,1.0157261781725095,1.0344121655829097
1.0212361502593457,1.0506808039900482,1.0197056659536576,1.034890389589948
1.0214519519436722,1.0509329500940678,1.0201080509042089,1.0350480704585945
1.0213089018687311,1.0513861631946293,1.020744868161829,1.0353170115214005
1.0210872582357973,1.0514355850928934,1.0206636098798383,1.0356594468582716
1.0208204366582798,1.0515438584329586,1.0209573806950274,1.0357519825598072
1.0209862885487924,1.0516928992555252,1.021143425484118,1.0357849603147724
1.0207917960791706,1.0517698908853208,1.0214014748877942,1.0357670485641004
1.0204966430061746,1.0518318505509385,1.0215987896433545,1.035774594674419
1.019992168149621,1.0519244609351737,1.021684768583042,1.0357962054584091
1.0159815623973707,1.0519153685361966,1.0216903033851212,1.0357980144115726
1.0156887140268116,1.0519109106923352,1.0217756321544935,1.0174710106090874
1.015556261954099,1.0440815269393624,1.0139159066646004,1.0174721231707373
1.0155082828740538,1.0403094251266916,1.003550954203881,1.0168455096373061
1.0154819813635139,1.0355596970429946,1.003959238981219,1.0069419508189044
1.0159301351018946,1.0352014137536687,0.9984897403547882,1.0228504327068455
1.0199768812185317,1.03404913105485,0.9979596012082638,1.0266181338924971
0.9974043010845494,1.0422307009320537,1.0055367655529817,1.0313745236799274
0.9982086092955185,1.043792285667241,1.0132414903244844,1.0145231111110249
0.9965405051092988,1.0426450199440465,1.0138535538676914,1.0161211770350655
0.9960212238153758,1.0333617371758574,1.0132862408897827,1.007911760106716
0.9946030726696089,1.0421141802564327,1.0141528790507408,1.0138433313516955
1.0047953053403804,1.0428440609886993,1.0220698616440054,1.0216745027944134
1.0053426587242518,1.0501068578550958,1.022435044472826,1.0219911346766897
0.9892254449898461,1.0504242183976633,1.0064719484629534,1.0057050766290976
0.9878295951480592,1.035385625784851,1.0057103301047043,1.0050117842141888
0.9952963358541674,1.035330162583405,1.007618756443039,1.006007428080392
1.0047639518578695,1.0355437215412537,1.0063905398059918,1.0042968870713411
1.0049598034432847,1.0349167417054168,1.004936597786722,0.9985255390824005
0.9888029156683207,1.034686765299169,1.0147761307029572,1.0138237631284968
0.9940255987682457,1.0431165027068716,1.0159630064382301,1.0146011221179738
0.9943774935625426,1.0438663920752311,1.0067803713254342,1.00442943557954
0.993822151525493,1.0345896196552198,1.0046143099449325,0.9981701012973272
0.9946043995196785,1.0336471460578394,1.0049899727266818,1.0040551399721953
1.0029181527304614,1.03355252127974,1.0050070857248385,0.9986128472702922
1.0039498326010825,1.0333956689293027,0.9985742121958299,0.99567160102761
0.9891231604421994,1.032235831818893,1.0068058857247086,1.006024079873434
0.9883688549894518,1.0410568548874433,1.0132582440123525,1.0123624628886052
0.9872898908991959,1.0419890738184858,1.0140083014249899,1.0065116534092409
0.9883439846788973,1.0335773493457077,0.9976594891161269,0.9954377149358479
0.996608186262822,1.0320702079675583,0.9979829641387906,0.995519702971031
1.002803267741002,1.032394657183045,0.9982351354585007,0.9955824083535777
1.0033516451655689,1.0320390142758715,0.9980790228059419,0.9953708559986735
0.9870682788808721,1.0261607817087093,0.9973479542025995,0.9970812051098928
0.9887449287733081,1.0348322151337477,1.0109996231849037,1.005631437784678
0.9951131942292345,1.0403594293726055,1.012255991366965,1.0064532011429352
1.0035062227206837,1.0408394475516187,1.0131071041107107,1.0109823198381507
1.0036972330717313,1.0410448335769225,1.0132343320229917,1.011332414533017
1.0038729663476573,1.0413158972466074,1.0133880817114702,1.0116204153722756
1.0040584460174349,1.041543808940358,1.0140584670492125,1.0122600118584857
1.0042536742497825,1.041728114145068,1.0144328161910547,1.0125105020315095
1.0044059492474626,1.0417638187391067,1.0146023488187645,1.0125284304712685
1.0050534541870886,1.0417215075919288,1.0147813046294534,1.012570717521827
1.005266233639732,1.041702298300301,1.015003436887822,1.0125720180701414
1.0053711663300835,1.0417103777911574,1.015078385540869,1.0126202474361305
1.0054004247135588,1.041771919332254,1.0152527735770975,1.0127337791795141
1.005700029237923,1.0418723491310038,1.0155359102510277,1.0130601967806825
1.0058019981886255,1.0419313313413223,1.0158553310421614,1.0132871554258673
1.005855341849829,1.0425028930493836,1.0159509996667804,1.0140811555723606
1.0058815802207424,1.0426041233073333,1.020746902163908,1.0142853993576408
1.0060199504957825,1.0329946638352785,1.0209257858296303,0.9977186125914815
1.0059863018722468,1.0319098823659978,1.0046620470006398,0.996764298529554
1.0059885821542522,1.0317379357163554,1.0044293630054602,0.9965406285343197
1.0059696130887246,1.0311652255215105,1.004181927154784,0.9963916229024161
0.9963299719562394,1.0250743427057851,0.9980959334753665,0.9949491047011818
0.9948217445234508,1.0337311908202835,1.0072089476439414,1.005074394630302
0.9945202747241525,1.034672312275702,1.0129344626869987,1.0060472995196825
0.9883849524248561,1.0314124234669078,1.0072772722977175,0.9968209735910483
0.9871306292618911,1.0246700636403698,0.9975365517718184,0.989875706948432
0.996187650507382,1.0249943369824788,1.006055016269944,0.9974277840628956
1.0016271784856392,1.0267705652656156,1.0142753396262476,1.0117361997740981
0.9973176442870811,1.0350935183312813,1.0153363085436575,1.0128238939935124
0.9868961496600884,1.040267186810111,1.0078472996684182,1.0042166279211344
1.026721740111983,1.0330155064666988,1.0048231089456587,0.9967253042045506
1.0329060285547373,1.0261581740995962,1.0055623709000459,0.997567636799299
1.0343203107976204,1.0315088743856533,1.0057309151243325,0.9980138413272177
1.0348231623762896,1.0265759508427705,1.00540607026984,0.9969133041305175
1.0348829106051116,1.0317640417887743,1.0128718669630665,1.0046441406274
1.0347290515296557,1.0337410079674025,1.0136323742450175,1.0070652146832868
1.0346995797223806,1.034389313964625,1.0046704813387966,1.0123383853073453
1.0348140790215956,1.0250977373620493,1.0042142869976043,0.9965961903656531
1.0345751517104056,1.025105606264073,1.004408700289159,0.9967523324937602
1.0341867646695297,1.0248505776010064,1.003966912450099,0.996377984610311
1.0338097566648645,1.0247375978308808,1.0035859072597506,0.9960704317237425
1.033090235185072,1.024824126406414,1.011972435890631,1.0062247001832825
1.0328520637638503,1.0329313919732948,1.0133726364943647,1.0120581944841165
1.0325689512146559,1.0335998864417615,1.0064323870036926,1.0040391047597688
1.032251212431303,1.0249726183920838,0.9986949381483551,0.9962838013916355
1.032129940335037,1.0247092527741204,1.004639624614841,0.9982753528296784
1.0315878202348618,1.025009107571978,1.0114560081250108,1.0062844025417146
1.0228283651474317,1.0331890243144637,1.0134228190322172,1.0125367902667308
1.0139820035478728,1.0337782179104127,1.0136652864862774,1.0126459223147124
1.0144462536697352,1.0337508689922001,1.0137196843397227,1.0128274567617814
1.0135180506193853,1.0338679486329414,1.013942344641754,1.0131015510915822
1.0071948488898244,1.033970689511705,1.0141044270242796,1.0132811799686723
1.0155503862284467,1.0339945352478415,1.0141628916165193,1.0135476344122942
1.0210806658944,1.0341302535910808,1.01441100848814,1.0142181769154932
1.0150788692913726,1.0346496035319421,1.0149994651151069,1.0140566694252553
1.0051282810812638,1.034585072626267,1.014838213827416,1.0140712943503252
1.004521569120993,1.0345879699678084,1.014798987926515,1.0141201810872456
0.9991091886700114,1.0344247084461753,1.0148699278049451,1.0142585931431716
0.9976118403066603,1.0344342319712188,1.0148996459274575,1.014372409531308
1.0070067036751071,1.0344633277802615,1.014999703926291,1.0145201272720938
1.007646266957456,1.0344095602815806,1.015097391577593,1.0145239935151245
0.9982191781990398,1.0344406181424282,1.0153872332004172,1.0145396013241523
0.995884959873776,1.0344777776124907,1.015113669798157,1.0145876393251176
0.9953106052028965,1.0344100199641058,1.015070110963268,1.014552282451814
0.9898182422580944,1.0343658845931358,1.0150702888501875,0.9989362545468113
0.9885376185827621,1.025508174715765,1.0150913809232407,1.0040524335319767
0.9979855916292087,1.0250329596087786,1.0046076389342589,0.9986489142613494
1.0036791214388394,1.0245237309173585,1.005442619552047,0.9966373047105853
0.9964144173667534,1.023309276476092,1.00478014649304,0.9955710686094085
0.9868989244324342,1.0176537667863892,0.998610134022544,1.0055651218598287
0.9870884784341768,1.0260105652794458,0.9977789810697474,1.0067349936171148
0.9867307830053664,1.0314504362339088,1.0071149153802514,0.9986316788435134
0.9863211769979903,1.0242911497648381,1.0121453067111932,0.99556978717893
0.9890539220902742,1.0175589117108073,1.0036206984420342,0.9974748423963856
0.9954218228505493,1.0223108276884698,0.9973428668300808,0.9974220800495013
0.995696187103148,1.0342760178713586,0.9987395250045802,0.9898269025369051
0.9795229289994776,1.0413250364319562,0.9982207174877857,1.0046746886963573
0.9787946969921892,1.0424141258932655,0.9957512337764537,1.005535191075961
0.9889376103398623,1.0359682531538414,1.0046550988653733,0.9974802266583375
0.9966277641074546,1.0324777929053088,1.0055960996865414,0.9894950277514043
0.996919146329136,1.0323104729906833,0.9979105863070836,0.9953063053975492
0.9968591135568655,1.0269786328672845,0.9953068682416596,0.9888461296535352
0.996822820931303,1.024050923247954,0.9958539743771171,0.9893727910904228
0.9968846355375135,1.017397153177328,0.9898613890898794,0.9959280252331804
0.9968359875719708,1.026303182980714,0.9951134946977763,0.9982073895638924
0.9968116994754672,1.0318986228514226,0.9962015239131038,1.003601293893459
0.996588010585882,1.0248631580761165,0.9983769166001857,0.9883040543583895
0.9963901037134992,1.0173914978383622,1.003575907640545,0.988054666349925
0.9962125067809124,1.017526427496975,0.9890266407805137,0.9890634468137192
0.9960314343873828,1.0178070176551346,0.9888269299467888,0.987730102996182
0.9959188229391944,1.0175323301371046,0.9899085317073338,0.9878210801350917
0.9958414127982214,1.0167088116610767,0.9887759723214288,0.9974935130322905
0.9958531104514298,1.0168573702249095,0.9885350841622109,1.0030522082117723
0.9957170266008892,1.024715350174913,0.9976505762403677,0.9887482341325463
0.995650216396831,1.0264208529767571,1.0025596923129263,0.9873338049454198
0.9954236539594662,1.0262122336519406,0.9891085060328461,0.9871740117733859
0.9789675393431708,1.0168208236783722,0.9875430740509635,0.9873444561178563
0.977750724583553,1.017259398815839,0.9871667880622153,0.9965152103412915
0.9775717997213427,1.0163013470695828,0.987768254299246,0.9885218797104227
0.9863168052040624,1.015718516495408,0.9966625904645758,0.9981164646904102
0.9871012954106096,1.0167508017981042,0.9883578498850085,0.9983701479991871
0.9783502229725697,1.0237168573696303,0.9973480480972421,0.9876671554094312
0.9704409524344805,1.0241804420268696,1.0027558213160326,0.9875373758113798
0.9703660320876875,1.0147888363673376,0.996948221335084,0.9866535259158276
0.9699818210561053,1.0147234724517191,0.9874646173470744,0.9873649792483524
0.9784243226729137,1.0145383927563039,0.9873268999976664,0.9868705770955291
0.9796394256916097,1.0144945426647887,0.9866207451671122,0.9867501229670861
0.9852936151813154,1.0142984127250005,0.9888062300499898,0.9958439635305188
0.9689319521688295,1.0170024054784117,0.9882244332664094,0.9970342589362288
0.9683430090681953,1.0222165292166625,0.9964217585411828,0.9898657671936462
0.9682142884259243,1.022574577360369,0.9977412594097614,0.9806894083145475
0.96850446318155,1.0227081684764885,0.996990024278047,0.986774442169274
0.9684771106972563,1.0228413034574129,0.9869305040172869,0.9804777002263811
0.9778203930588767,1.0229707898102776,0.9869016072014005,0.9805215522903413
0.9784135300105085,1.0232406695608591,0.9810165119285577,0.9866775300127685
0.9692804303749611,1.0232259467324254,0.980556394606743,0.9888137643322386
0.9623054152419988,1.0233648401324866,0.9807097077281076,0.9894429319442013
0.9625182845973813,1.0231456325413049,0.988774981029351,0.9792016849609566
0.9619636003504609,1.0229917572218423,0.9893444222753459,0.9786266220105163
0.9610129592947253,1.023463182612511,0.9778537406890923,0.9785715915960211
0.9700350935814789,1.0232307081281538,0.9779859097776742,0.9780817145372797
0.9766212722376616,1.0233507085810216,0.9781574210060842,0.9716787630859233
0.9711617476340075,1.0234031500792913,0.9775414117586925,0.9863229439364788
0.9602032145538281,1.0236133240826388,0.9801063401681529,0.9869718714160303
0.9603716444381929,1.0174526241675215,0.986305737897526,0.9872705273531205
0.9625210467534292,1.0073934114517709,0.9866803964176013,0.9875204953481614
0.9619556708285945,1.007990769051205,0.9868312903087493,0.987846480621009
0.9711858071969948,1.0070678461055038,0.9870229084433653,0.9883366195252458
0.9765615064799916,1.0062564603762687,0.9873795401094403,0.9888309995020063
0.9766110406735681,1.0080953563794475,0.9874814638526175,0.9888266988129315
0.9766638176990231,1.0150069979855996,0.9877417997202499,0.9890053298809559
0.9766853273318584,1.0154217137096022,0.9878202848112502,0.9888961573459046
0.9774036787284968,1.0056068154301117,0.9878929475553226,0.9886573983803633
0.9775986197920858,1.0053026477661504,0.9876632185389027,0.9890463333106305
0.9777587868221982,1.005342559542017,0.9875604610986863,0.9890647482509857
0.9778445598935799,1.0052154066067884,0.9881599919500372,0.9891434154326868
0.9779062290486811,0.9989293063025969,0.9877815483803574,0.994180947839157
0.9779964299845487,1.0075401596188263,0.988024545692036,0.994437802928367
0.9780026020193472,1.0083059550974127,0.988164012884981,0.9944959454706342
0.9780870065118276,1.014675033389221,0.9883745778340061,0.9790484571970638
0.9782538450530084,1.0087334510803314,0.977324040292832,0.9778208007728397
0.9785307866549771,1.0158154827898453,0.9708272062324422,0.9789486319564435
0.9783457224346065,1.0169936045002752,0.9770970824916008,0.9858895043239987
0.9783359641733028,1.0171865316526876,0.9702086513603644,0.986128216999846
0.9681818610781798,1.0066819707223151,0.9692028511553084,0.9694985615432344
0.9608746835856694,1.0065711809659035,0.9785420648560017,0.9696889061800171
0.9609577246085305,1.006150841853899,0.979750182311231,0.9693331849066786
0.9608499112397186,1.005861086433179,0.9772878190118216,0.9692307499121918
0.9600407916239838,1.006001692664248,0.9686058834973719,0.9622808691982317
0.9683868766353557,1.008461531981722,0.9687402468865609,0.9778396725779724
0.9700991302556109,1.0138835147964025,0.9689506166240492,0.9798576524470337
0.9606815634238723,1.0139677689469415,0.9684553508888498,0.9788660292555842
0.9597793322306063,1.0139926481694213,0.969174981952868,0.9866519091401484
0.9601188699156625,1.0142118646371576,0.976863520176857,0.9877948841390782
0.9592147931027056,1.0141962350458145,0.9793057324382732,0.9880707547086891
0.9531117200684416,1.014133241003413,0.9784466441271745,0.9717291136424364
0.9683418229532693,1.0140328186830083,0.9803491765070009,0.971690373449997
0.9696409826810515,1.013957374135083,0.9867555518035227,0.9715097061404386
0.9621798249297525,1.0137908908342463,0.9870445134204501,0.9709305766981605
0.9534041720276697,1.0135933332479587,0.9719398243269447,0.9695436140439705
0.9590403360034276,1.0135988229715387,0.9715395896885318,0.9789685248785774
0.9593704360839787,1.0135529888211687,0.9711170904582448,0.9794415500731064
0.9590044868660549,1.0133460105182148,0.9705871366168555,0.9796796582173533
0.961071499774021,1.0131436501292688,0.9693604885935984,0.9797675566264781
0.9687973313807295,0.9978704343202004,0.9779408778237693,0.9802491002531697
0.9695199660007009,0.9967181704307082,0.9787531545310724,0.9858300433652842
0.9596857466072202,0.996428044740363,0.9789145034947799,0.9860006184933896
0.9587611854133967,0.9903349271468198,0.97907421033517,0.9804300813811091
0.9588597250154173,0.9891589302249302,0.9793295082400717,0.9803134084724069
0.9533860238937722,0.9986291176747566,0.9793683712694378,0.9801535469337117
0.9528632915561166,1.0044332093512836,0.9793768960098488,0.9799492908542837
0.9603540922988445,0.9963719741900556,0.979383346077455,0.9798626202857418
0.9521365194801799,0.9887610314064519,0.9792780724507281,0.9798296134812777
0.9515680552020502,0.9887948141303522,0.9791436891434286,0.9799231084320539
0.9596374345838153,0.9880701262939339,0.9790361125102786,0.9799031237919634
0.9592299628836558,0.9881633415994586,0.9789431542751645,0.9798586919132616
0.9533217518914645,0.9958036768581714,0.978929361704984,0.9797064193490261
0.9621938066963789,0.9963221721534424,0.9789365010524573,0.969541614665763
0.9676484694591181,0.9965881168499376,0.9789960218129867,0.9617668111660608
0.9679039106785513,0.9872794614538285,0.9788177340227221,0.9617159365336946
0.9680513534446201,0.9812322081865893,0.9772915555671788,0.9608103171760253
0.9681379064534398,0.9806530757534734,0.9617628858059526,0.9599386281042528
0.9682877411531712,0.9808617542227633,0.9614269203657635,0.9689049283218277
0.9693551774382316,0.9868483919606502,0.9610057021751669,0.9703125704279594
0.9713406392812538,0.9893851533855111,0.9602640319162923,0.9708964260887609
0.9774076086208362,0.9899249695529906,0.9607105551934638,0.9599697756662954
0.9777858040477552,0.9806699331583126,0.9696263095828943,0.9533440660685297
0.9689928952793135,0.9876065477327557,0.9616113643144458,0.9533349196641132
0.9689241363646233,0.9871288581367904,0.9536090080340844,0.9533532900625779
0.9701733186280392,0.9798397245758909,0.9593840040026033,0.9530309671828563
0.9712987616102836,0.9887487034978134,0.9530276204949524,0.9680245807342985
0.9712008264622569,0.989441574646363,0.953426698177855,0.9685596327590599
0.9778178037569432,0.9805879201851426,0.960377255513353,0.9597317245596251
0.9782096553683826,0.97886235391411,0.9618304954972933,0.9520710374483996
0.9714822105600602,0.9789162480331234,0.9679130468018599,0.952738990458871
0.9695548680589938,0.9785663119210649,0.9526103405458162,0.9511023342976092
0.9694215694320997,0.9720475797582043,0.951879071393047,0.9515000779433569
0.9707519922467469,0.9805258334376931,0.9514108377453702,0.959354432562121
0.9707299081500494,0.9867898623821498,0.9510606474783045,0.9609750906630633
0.976093575556473,0.986936565040374,0.9509370729964073,0.9617178350863206
0.9771146225875251,0.9869972212581445,0.9597424648689814,0.9598943468116145
0.9772567366533428,0.9870931254067461,0.9604804114904548,0.9534006215101014
0.9687847282008442,0.9875764529555366,0.960018032287199,0.9613203865056565
0.9686668049921014,0.9877659949170139,0.9596068089245994,0.968036502034038
0.9684572023836797,0.9879055541792756,0.9525673949480769,0.9607252111743135
0.9681446779948025,0.988026092988493,0.9614477615639323,0.9511906796465524
0.9623782243069638,0.9880553402611344,0.9623106543954209,0.9513906769152547
0.9700115696900724,0.9880636028909626,0.959512280165034,0.9511312907139602
0.9708117895266333,0.9880470868152162,0.951364162594414,0.9507263777889156
0.9688134941799094,0.9880150616435921,0.9516181213869821,0.9511387539144547
0.9619878650251933,0.9880945852486045,0.9512255357320549,0.9596476641308472
0.9624457686889021,0.9882883898564384,0.9506831696344438,0.959866820927491
0.9677935916909476,0.9880509643885381,0.952215206604983,0.9601196558527032
0.968273387540444,0.9877697323699485,0.9593159200188336,0.9603030038297479
0.9685211721754334,0.9713551397803881,0.9595160234618557,0.9612132114321477
0.9702553778695343,0.9706076203619024,0.9596961999041882,0.9616092128267183
0.9706259476017822,0.9702666419447927,0.959788553836234,0.9617432135264364
0.9707754305736378,0.969858598048688,0.9600198163188085,0.9619001990771423
0.9708607553072958,0.9695242608594548,0.9604564525409717,0.9619965754947438
0.9708559646262651,0.9782200864853009,0.9608538303848683,0.9620792223624735
0.9759598159571832,0.9788748882904961,0.9610473649846807,0.9621689104930538
0.9761834997403969,0.9698415255870897,0.9611051210492717,0.962269487774889
0.976275316173409,0.9629003674196642,0.9612202406519552,0.9596550562844959
0.9762734926463328,0.9690531323034304,0.9613581496654523,0.9504279246995695
0.9762793863489505,0.9624263325312287,0.9613318855295722,0.9437762725341802
0.9760729361990301,0.9612912644906965,0.9614255417681222,0.9434128781747744
0.9761216319417398,0.9704289131579164,0.9615487965446355,0.943153436445682
0.9760221321859733,0.9720281252865454,0.9617520897927002,0.9439798063871523
0.9760309705480773,0.9710280751322286,0.9615678430841662,0.9523771446464376
0.9760486230572141,0.9613028874968038,0.9615662689628284,0.9588054572317656
0.9759923367521928,0.9613912101038639,0.950735143154825,0.9435438028504965
0.975807338694883,0.9619243826133359,0.9440437687452469,0.9422555489817587
0.9678377252728634,0.9612174543568642,0.9434262375781224,0.9432700098897961
0.981060924078781,0.9617217066747963,0.9430109423617467,0.9426610117618125
0.9800398590220386,0.9703700797957031,0.942153855990143,0.9419276211370751
0.9807081027306476,0.9710524431830464,0.9510092003323419,0.9503790241826354
0.9884020128464132,0.9696226284020021,0.9523189884579903,0.9516502766082693
0.98916965965498,0.9693627175168664,0.9520353229066584,0.9523458247849503
0.9808042933156816,0.9625949891005646,0.9419904391768276,0.9423643572239918
0.980057870021306,0.9611344609998691,0.9424175204608461,0.9423649947499805
0.980366589574156,0.9605616446935846,0.9421763923950087,0.9422278554929753
0.9800791638148563,0.9605191508022761,0.9417541924789182,0.9420938498878836
0.9789819457911862,0.9603393456659333,0.9352389841188538,0.941689236613485
0.9866682213089215,0.9537063828237646,0.950264565923941,0.9508409529713847
0.987137554436288,0.9531323385232268,0.9511368174189107,0.9441177842153397
0.9860465721734036,0.9619399573761204,0.9426599426483682,0.9504968825301481
0.9776596932731696,0.9628783068097133,0.9352398884542987,0.9441001703550626
0.977889099145632,0.9688050871193686,0.9352534164115114,0.9426175191290028
0.977854693775125,0.9688645512333531,0.9414007722040084,0.9420487760314727
0.9694572683328547,0.9689261272320535,0.9411427937801777,0.942032456801741
0.9696240029828563,0.9689725774619706,0.9425263835420431,0.9420008277902833
0.9779213149597923,0.9690134328134642,0.9499072478872596,0.9416874857070446
0.9784395555684682,0.9525774747189727,0.9436285832225866,0.9349643766276798
0.9687510210573749,0.9517306857102587,0.9430145270268904,0.9439310072556797
0.9610647879715789,0.9532299687157902,0.9429520823781726,0.9504089962095799
0.9605975592381788,0.9538049651244143,0.9415800388382424,0.9508316541463618
0.968303784258879,0.953799869896411,0.935238035346955,0.9511607251037477
0.96940032259098,0.943321143308602,0.9352222306191333,0.9513158015527108
0.969844386926764,0.9429034302010186,0.9352124554801664,0.9514953030727805
0.9699437065434818,0.9433690027678924,0.9350957110447218,0.9516457701496985
0.9702348618143034,0.9429277442037916,0.9341146841906394,0.9435832571461105
0.9705388851807751,0.9423499467396184,0.9418440809742108,0.9504670508000344
0.9705429944330165,0.9510033690355002,0.9431335982624494,0.9512790071198325
0.9703051765122226,0.9511638531685835,0.9437180785611635,0.9516839412079525
0.9695127068892491,0.9429874869055436,0.9440137586557444,0.9438726406444197
0.9692293452669941,0.9347610709880292,0.9441555706456771,0.9499206042300868
0.9689578266473748,0.9344902217999054,0.944232039296639,0.9499608574441307
0.9687102796214456,0.9349780083194454,0.9497803826193972,0.9507054673236762
0.9686268258529562,0.9349701230516353,0.9352256156858272,0.9503355278751439
0.9684963014480512,0.9348017081904012,0.9351970504765603,0.9526814380274647
0.9683736506564669,0.9434639059843781,0.9433630316773562,0.9585859013299459
0.9682097446132336,0.9438778219762884,0.9496804014291722,0.9513135522316863
0.9680634882351816,0.933983485463668,0.9432352283168867,0.9441267785036979
0.9506773282021586,0.9256390584339957,0.9410617174130512,0.9499369866381646
0.944216148015531,0.9262800906913078,0.9414723871597137,0.9500566143511195
0.9420548049625886,0.9331666668773099,0.9423057101162304,0.9441165751878725
0.9416976577642574,0.9256350412787815,0.9431176564498709,0.9516962154615577
0.9351003351145819,0.9342409388246598,0.9433399727989936,0.9522511434517912
0.951306599200923,0.9354574592999193,0.9504483531072085,0.9441199572679805
0.9526755172801993,0.9419850818711926,0.9507264614246091,0.9426630380363885
0.944278937695261,0.9250258668514683,0.9430721175155755,0.9430964770427774
0.9433459963224621,0.9246277722586933,0.9416181990338806,0.9428482265068349
0.9503784768236989,0.9254417506303673,0.94204864847019,0.941820976149263
0.9527774835563236,0.9244999060161619,0.9420519640854279,0.9503628547716567
0.9531479465415007,0.9334397769170445,0.9416707795469413,0.9506440258418312
0.9419817862855376,0.9340673192800565,0.9434234464225407,0.9423471114462113
0.9345543251670083,0.9343493455401612,0.9496211713298628,0.9415960718551467
0.933765863617735,0.9345139706872212,0.9497487995082949,0.9421181779507886
0.933488597380233,0.934556644893909,0.9351588482613105,0.9419764321342993
0.9258153493616837,0.9346977647460926,0.9351775933208444,0.9425336215839927
0.9320637881532513,0.9350430387177024,0.9351373595580004,0.949635085597949
0.9343977024636353,0.9349444055477932,0.9349365622458086,0.9502101097697494
0.942823785342941,0.9348000546461473,0.9339283177877923,0.9504837708784715
0.9440765280843556,0.934740532859426,0.941896570969286,0.9506359463010903
0.9341709725902602,0.9345049052266048,0.9426256905446624,0.9507372156124555
0.9329052753113085,0.9343738021646193,0.9416154867898199,0.9509283813164255
0.9327870769854618,0.934216774486524,0.9334774410040776,0.9514318562279637
0.9320485383344628,0.934149113036919,0.9338803406053573,0.9516838556248486
0.9258986506845166,0.9340762560879647,0.933643006832596,0.9517499951720243
0.9351609404594426,0.9340105847652033,0.9347762386741651,0.9518215194301284
0.9415537702983889,0.9339120721567762,0.9338207754364383,0.9518256596891976
0.9408925716998293,0.9262695266408772,0.9416973673039544,0.9518027241586988
0.9259174252708265,0.9250881751351514,0.9420688772385305,0.951673464784204
0.9259197308001084,0.9334998146689605,0.9421902468687875,0.9516693241707341
0.924650201127986,0.9341101004246436,0.9423804844102385,0.951686714559163
0.9240647820437733,0.9341233450201701,0.9424557667935014,0.9516968747124143
0.9239036817007863,0.9166444679826772,0.9427098448976592,0.9512164547732154
0.9328502895717051,0.9160977671952718,0.943149321833565,0.9505626095939232
0.9336583488459363,0.9160936713918731,0.9434274947117205,0.9520986710770221
0.9243494418867787,0.9160096129328114,0.9433917464268443,0.9529274871198767
0.9234678630335009,0.9078873416153801,0.9433919457341203,0.9530645138050864
0.9239470948631111,0.9243968922025598,0.9433474824847929,0.9437296657071327
0.9236280799538544,0.9250774075506184,0.9432241507426367,0.9438620574519724
0.9234251358639166,0.9242888511232723,0.9431000579592876,0.9440684333692957
0.9254158007617559,0.9078707720491352,0.9432829946299245,0.9437476498349803
0.9320799534998189,0.9078606846382855,0.9432313973039987,0.9424394553127577
0.9323374018109672,0.9078632787376374,0.943089486981906,0.9504249786882366
0.9167856697177862,0.9074395990962045,0.9429325340045083,0.950739325783258
0.916806457820729,0.9068275363246733,0.9414013703537105,0.9498842229450448
0.9168052078346762,0.9163823165352322,0.9352024793498418,0.9416322679906506
0.9168192351451933,0.9170153988388559,0.9418959868111272,0.9421654113741788
0.9157675060831078,0.9079062437001217,0.9429734741267981,0.94203743087864
0.9243561564288882,0.8987291404859261,0.9429708577428061,0.9421913796999246
0.9250412544789132,0.8987431300740416,0.9334558502018133,0.941489903982298
0.9252670370685114,0.8987293166438651,0.9329477060687839,0.9440644923036783
0.9252484092560781,0.880354815437526,0.933764917254186,0.9498980248633169
0.9251909495547871,0.8803323211669833,0.9333789534589736,0.9418005573709328
0.9250848280706414,0.8987302068167705,0.9323789626638999,0.9350493646951772
0.9250142026233164,0.9068610757763824,0.9407283628135166,0.9409968791796409
0.9247568704500421,0.8895242551852914,0.9409406735954003,0.9349631011575533
0.9248032403790355,0.871178274810872,0.9407300076259604,0.9349223723907479
0.9243882921877534,0.8711542175748039,0.9260319931379561,0.9412825707178017
0.9243068107197785,0.871168788617405,0.9260148137503685,0.9427076724122367
0.9241226692670114,0.8711967970063391,0.9319312255228084,0.9430826100050982
0.9235459473550615,0.87118034293205,0.9254116126909391,0.9341723933034927
0.923352285729778,0.8895333873464161,0.9334024675415068,0.933408876896665
0.9168318185220844,0.8977800559016268,0.9340316292193042,0.9335899081872361
0.916038726308435,0.898074859886241,0.9335888352612575,0.9337699023069334
0.9168396040393791,0.8983429356366694,0.9243118194653028,0.9330216423823067
0.9237143102638765,0.8986091921896727,0.9236256670781456,0.9409077858949534
0.9237200294115904,0.8987564071621841,0.9239929825292305,0.9413849817603227
0.9144193327074265,0.8987654030393634,0.9232931561425468,0.9416250091282335
0.9076129939716778,0.898750969831709,0.931711730193128,0.9417816514891
0.9076300999240704,0.8987575228644535,0.932170077605657,0.9418760372102418
0.9070259998935148,0.8987365772124971,0.9319898138709476,0.9419980822151711
0.906354158413063,0.8987785086344365,0.9167311558846928,0.9422854204098607
0.9140808386968516,0.8987331662721018,0.9168010897920944,0.942285016818349
0.9146963603264286,0.898565967320894,0.9168478898134466,0.9422042975364463
0.914876166072491,0.8986215653246099,0.9168623250372904,0.9421550531394839
0.9052572504069103,0.898621328426866,0.915985350429815,0.9420716502938964
0.8984537944223057,0.8986428865425045,0.9245049343717181,0.9419271004750419
0.8983889478036393,0.8803360551776858,0.9252505369305194,0.9418545196992336
0.8980336395046166,0.8711742326869796,0.9253548076154865,0.9418220573608196
0.8982346405827982,0.8892857106903016,0.9254952193093564,0.9418089535046387
0.9061477696532202,0.7608333958891711,0.9256838376377328,0.9417342588224025
0.9064666911170639,0.8895922745217455,0.9258706324768324,0.9417946699650075
0.9051240629440565,0.8712420274254987,0.9260059404623977,0.9417189677360256
0.8967705270887475,0.8620597063787709,0.925963660692812,0.9410881482872232
0.8892246425421526,0.8620229110765283,0.9259855365389748,0.9421641607360509
0.8966239195275978,0.8620252191380655,0.9257241084087166,0.9427616714039047
0.8892228588130029,0.8528411287196196,0.9255666689593489,0.9428089593097159
0.8887763622869844,0.8620078836817033,0.9254922334641414,0.9336891188791057
0.8981377025259252,0.8712026090077296,0.925360400240655,0.9329315088158071
0.8984671934482227,0.8803418334591497,0.9252480454128338,0.9322815012452325
0.8958621052914268,0.8620129799136291,0.9252597001675915,0.9322127979631945
0.8880008999367524,0.852818675122761,0.9252250074876872,0.9343821278607815
0.8888992076110003,0.8436645017122419,0.9237586818878005,0.9407482065570608
0.8888002862729093,0.8798515684818282,0.9168426715079765,0.9340710059936849
0.8881998550981676,0.8620538234026347,0.9245765402313117,0.9247517915781099
0.888813212263578,0.8620531006029368,0.9257444413919443,0.9238704628335628
0.8961197625148812,0.862037304547795,0.9258896961904454,0.932811503603031
0.8961979015433301,0.879763724893843,0.9153827246208007,0.9332939346723896
0.8963604227503883,0.8803974917388994,0.914833000187586,0.9252657095692106
0.8963600262291359,0.8620187984298454,0.9146114787276483,0.9166197361489292
0.8962258515900923,0.8528447491100196,0.9144903975603841,0.9234633500790396
0.8964794242230015,0.8528159052990966,0.9141330414738308,0.9232559927981954
0.8965880620264969,0.8436704084303236,0.9168049835752178,0.9074417968888232
0.8965992363868698,0.8436629340984627,0.9231420780645501,0.9141411452632583
0.8965882376904896,0.8528177365073515,0.9232778144498961,0.923612679429632
0.8966457004017361,0.8620198885261774,0.9076007674405152,0.9243188039097019
0.8967424480268967,0.8620302841021149,0.9074424229500638,0.9074667114779644
0.8964682093776758,0.8528370349429507,0.9070914958589733,0.9055172863121228
0.8964747728476476,0.834486550597866,0.906382201568769,0.9058234765383504
0.8964432598847611,0.8344819078934265,0.9146616435794319,0.8982836293645857
0.8965004711289584,0.8344817804711387,0.9155073666908057,0.8977175282476718
0.8799882411403415,0.8344658756785714,0.915873197331062,0.9061823658066961
0.8791704760513214,0.8344646995924582,0.9056112636671867,0.9148463060197084
0.8797184582991221,0.8528402760946457,0.9051942478526143,0.915882141272807
0.8873627501032614,0.8528441033535666,0.9056109441550226,0.9165323727660244
0.8875854832048308,0.8344880474780224,0.8971273109731102,0.9226942401359806
0.8788699510822361,0.8344778761960002,0.8884430931536795,0.9232308635347641
0.8781691678743552,0.8344957641216924,0.8984722777601626,0.923330602290468
0.8779733047612857,0.8344959382872175,0.906060988551197,0.9234447871023751
0.8782171957786786,0.8344753672236749,0.9067014625966083,0.9231309782095056
0.877996108289983,0.8253208999702242,0.8879246434626663,0.9229902856263861
0.8790284933027408,0.8436777110465656,0.8802091359309134,0.9229197593513603
0.8801227271577103,0.843651675870352,0.8801822475717079,0.9228588072032893
0.8801045198522395,0.8436531047656215,0.8710189533485456,0.9227455228787352
0.8708934066908747,0.8253066237150193,0.8888489354575204,0.9228314395457211
0.8699947337692854,0.8253066740456866,0.8967530056508078,0.9228577865031747
0.8703633694509336,0.8253301292170685,0.8975218826547856,0.9069160190618122
0.870187870613574,0.8253316285875477,0.8980901518547952,0.9055494652761843
0.8697252392665926,0.8253219625916846,0.8984785378632717,0.9144773819501903
0.8709462370993672,0.8345063240860284,0.8985138844710246,0.9157355449670018
0.8709557175601166,0.8436897608389331,0.9050192885404423,0.9164558295522233
0.877688876669684,0.8436752103298335,0.9051057230117179,0.8981608498839122
0.8617321529780323,0.8436731793945501,0.9051739989513887,0.8966690725939648
0.8612313040637894,0.8436783597372178,0.8985027510184702,0.8891371919197796
0.8612638637435384,0.8436665544891958,0.898452044402019,0.8889122499727498
0.8606981459417822,0.8436749396280973,0.8982846339006866,0.8978922046853632
0.860280854783797,0.843672571609004,0.8980841481115331,0.9058365309097366
0.8692612164965762,0.8436937097389293,0.8979242322608063,0.9064745152571552
0.8701033749072428,0.8436819853192863,0.8980021138420785,0.8890550202364287
0.8704363329921148,0.8436933852523149,0.8979644103837906,0.8875535812039255
0.8605590818092548,0.8436828437912373,0.8801801666335174,0.8872922143912433
0.8610940407550102,0.843681671247911,0.879187561525357,0.8892285434527767
0.8615969278338704,0.8437154749438251,0.8886184975514957,0.8877529123143442
0.8614752944978618,0.8345061039996233,0.8961546410566417,0.887399922457847
0.8689587074012807,0.8253319806260164,0.8710379268312209,0.8800027665771053
0.8702071248126724,0.8253120128552968,0.8708374161506662,0.8970426582687531
0.8706948800246649,0.8431843253751925,0.8704537278174374,0.8983295250682194
0.8708361965946245,0.8431303030938183,0.8699251056404254,0.8891663802045976
0.8708618929026074,0.825331557994185,0.8618726363224836,0.8799857818543113
0.8709606779128486,0.8161469973904378,0.8782399859892873,0.8870224280651924
0.8710032121510202,0.8161689058988774,0.8801224498718868,0.879975507163454
0.8709043727509707,0.8161623179725619,0.8801728149161002,0.8796598775031006
0.8708332417909943,0.806986579586693,0.8618415038899485,0.8792671960992275
0.8707635969697375,0.8069836109046042,0.8610746505107407,0.889131027776182
0.8707013505549492,0.8161661642765066,0.8608599693618147,0.8958210103198285
0.8705804046387096,0.8249458858404942,0.8711355397421783,0.8799594886370483
0.8704191332489318,0.8250319637464967,0.870047408162066,0.8786412438637514
0.8702342434455346,0.8070018961702746,0.8619432627302205,0.8784784078897797
0.8699429820182821,0.7978367592768643,0.8619246278130799,0.8707827337264152
0.8706964245726012,0.7978331900495067,0.8781104765475343,0.8707724733556307
0.8693868712676103,0.7978427979328842,0.8790101126906076,0.8707816638743103
0.8617910550979977,0.7978357554943043,0.8707364056121598,0.8867592760533479
0.8705776775641083,0.8070196463905399,0.8609771614650794,0.8873668011951797
0.8704986188356731,0.8157839809482891,0.8608822476127604,0.8707999807189195
0.8618094384144358,0.8070139312715376,0.8526953617410101,0.8700882052933642
0.8526520813290988,0.7886600520923346,0.8527099529382257,0.8707895602286351
0.8526913006839892,0.78866844740982,0.8520922683614658,0.8704958016099427
0.8527126030183224,0.7978226616632743,0.8618485210927151,0.8704060617679839
0.85270819077691,0.7886559966734283,0.8693138433542877,0.8706157581831317
0.8525214653347197,0.7886770300290943,0.8617488050143602,0.8798591691358035
0.8619555443895747,0.7978655123582328,0.8516986642584121,0.8799516704961958
0.8686936658580457,0.8070159116032793,0.8515141611831843,0.8707824845214528
0.8607468826712771,0.7886587228096553,0.8435038954858225,0.8696904384873053
0.8522844856887806,0.7886552261184909,0.8433382342371285,0.8698942613389609
0.851785974172161,0.788670723142126,0.8427381344196975,0.869705299621539
0.852232010793954,0.7886770247672483,0.8524974036201198,0.8694787036845384
0.8515858776706283,0.7886442649453008,0.8599639018873817,0.8698574076383697
0.8512691036240048,0.7978579562573167,0.8526458132747132,0.8785150975899996
0.860229524746669,0.8070152509395628,0.8425708376665502,0.8789662451246298
0.8607581449236171,0.8070173358749603,0.8429805969961134,0.8792546301268422
0.8600875588739136,0.8070300169184579,0.8430839469820075,0.8793264499038005
0.8435485739764889,0.8070100795961057,0.8429047555657303,0.8793266437932072
0.8422452573688433,0.8070401128323772,0.8343484370561646,0.8794020289818427
0.8704637349332025,0.8070238688231413,0.8514523917429134,0.879366706686519
0.8598838433595196,0.8070332644018889,0.8522119137714432,0.8799593777863508
0.8333044218812636,0.8070432350333723,0.852623281688883,0.8799703110636674
0.8159950419884077,0.8070397746530363,0.8423558577439341,0.8799626212610026
0.8323064447453683,0.8070374788276817,0.8343351863676481,0.8799413641505012
0.8323559417498916,0.8070161538583176,0.834330312820164,0.8799260950302767
0.825301974924828,0.8070180681870035,0.8343408391955233,0.8800595886396114
0.8058524831688776,0.7886103127821409,0.8343226807490588,0.8783466064330603
0.7884508159013877,0.7794475558534275,0.8431402389118511,0.8707164730154074
0.7880668126914738,0.7794452611091406,0.8434855350665058,0.8778993096473582
0.7792850913861173,0.7886224926401668,0.8434868804351061,0.8797940853612896
0.7792709649642965,0.7886389527690535,0.850905432585152,0.8798807003308664
0.788524862131888,0.7794462967281933,0.8508605063704611,0.869690864874703
0.7963781905290815,0.7702779524849745,0.8434742739510848,0.8616416339999726
0.7882009993017656,0.7702825933981204,0.8434805960619625,0.861645014243585
0.7701167832845207,0.7702795184223654,0.8508575806103235,0.8615940821817752
0.7701022509979901,0.7702848273576642,0.8509688471743887,0.8608826979699263
0.7609089280434685,0.7702932571455297,0.8509340908197616,0.8616384186780172
0.7609134730086661,0.7794695441412421,0.8508505696192421,0.8702598992191699
0.7517412305363868,0.779459831754245,0.8507403629766495,0.8705657927885908
0.769131890528112,0.7794768315162479,0.8434619334080844,0.8607607023063274
0.7701674829274198,0.7702972616820402,0.8434570972340361,0.8525368551801719
0.7701826251554506,0.7611258501833561,0.8435296019259186,0.86018075241559
0.7517717159676951,0.761118652613801,0.8423386395769467,0.8525061341379784
0.7425660452672174,0.7611170069449623,0.8343613036844437,0.8525138699596816
0.7425782971921528,0.7611078216651015,0.8435057778501546,0.852505100487141
0.7425483882998039,0.7611272633171112,0.8435150187199452,0.8616903954850933
0.7425617017747169,0.7702993403718188,0.8343496342157819,0.8607160128681693
0.742575102254205,0.7703173318786254,0.8251934251597635,0.8515372367942053
0.733381177543603,0.7703121447389818,0.8251685925454283,0.8513254140853331
0.7333763415632998,0.7519321832984146,0.8251832147488506,0.8515080799931463
0.7333664665865219,0.7519417776976125,0.8246259119573157,0.8433634258447047
0.7242222124667357,0.7519390459169373,0.8243248241623643,0.843232187849633
0.7242052171828667,0.7519548561288129,0.8334156210370639,0.8525246217540943
0.7334069011440905,0.7519445899531743,0.833890908287654,0.8525303358413444
0.7426056947799852,0.7519411916628448,0.8160617456567126,0.8600567419630719
0.7426156414707957,0.7702635823693984,0.8160629946863996,0.8423032451329866
0.7421616314152775,0.7611266726450032,0.8160245120463774,0.8428616871044415
0.7426373992350324,0.7519548596682979,0.8159790961656427,0.8429116782147251
0.742106320190925,0.7611403528331006,0.815620253558121,0.8424000543353184
0.7426434850135106,0.7611202007131671,0.8160332412427658,0.8433608897248431
0.7426344689074211,0.7611111428430158,0.8247305529467371,0.8515191184951251
0.7425251389202281,0.7611186648028982,0.8250248668828783,0.8518745896473253
0.7426593411602477,0.770314804316095,0.8154904974157565,0.8521357535519555
0.7426352786949003,0.7703104317145503,0.8068719985061137,0.8522390128074047
0.7425554490347551,0.7787462359031571,0.8068675236656175,0.8523001844951211
0.7423327007654412,0.7788748597695251,0.8068458291035498,0.8523948906109606
0.7420458588500042,0.7788931314898062,0.8067761731127704,0.8523470340020184
0.7334734763443274,0.77889463890888,0.7977056847424083,0.8524269731268762
0.7701589235905183,0.7789638898111245,0.8155050428727538,0.8524778203100821
0.7609032950323801,0.7790352267436385,0.8160184739629509,0.8524759142590285
0.7426676280174301,0.7790586617664966,0.816022901931214,0.8524866265182558
0.7426465484957753,0.7790855271799497,0.7977069995866255,0.8525584355491919
0.7424494862080369,0.7790197935679506,0.797709464983172,0.8526464891147146
0.7420706936369503,0.7789444102136085,0.797717243219206,0.8526455324799572
0.7334780448278739,0.7794757224436438,0.797715471934027,0.8432967867151835
0.7334947764133519,0.7703022830422832,0.7977125747674498,0.8341454430652052
0.7334965010411112,0.7611322650896803,0.8065674453718762,0.8432725677133245
0.7243289755543284,0.7791765632729909,0.8068375018339184,0.8507447366316173
0.7243311255482112,0.7792611624407193,0.8068554082160031,0.8426293270903106
0.7242510077025165,0.779039809926622,0.8068487511965192,0.8334597761816498
0.7240242260303784,0.7611228313060765,0.8145837933529658,0.8335925055965064
0.7150910396424037,0.7519477809989252,0.814615254294108,0.8333683326007403
0.7150827463317192,0.7519715039013999,0.8147026535757661,0.8332042929674506
0.7239017779202006,0.7519828005605149,0.8147256433808118,0.8249672264779666
0.7243343036942045,0.7519603770690473,0.814776913879276,0.8421020316508695
0.7151258075795165,0.7517042603859216,0.8147382853942642,0.8423941413171385
0.7059572267332436,0.7611701617807418,0.8147335092507145,0.8425006402714247
0.7059343942085261,0.7692798755401931,0.8147201426499768,0.8249402983726775
0.7059270687842504,0.7692660882630968,0.8148851557322451,0.824944806471363
0.696781992852432,0.7515320693870644,0.8068588378528846,0.824955516707519
0.6967721948135501,0.7428495514805488,0.7976757367912253,0.8249594148721423
0.6967518756823383,0.7428513845649076,0.7885212500967321,0.8249253188685931
0.6967551294491307,0.7336787370530724,0.8057413410847873,0.8336175248281652
0.6967881070145052,0.7336709998139073,0.8060085425425718,0.8340536948663838
0.6967599853062484,0.7336756807319385,0.7976477063948186,0.834105596882324
0.6875838748684007,0.7519096869518486,0.7882417099651255,0.8157718438317739
0.6875703609358795,0.7520373540259481,0.7881560251462406,0.8157825485334033
0.6783817493905018,0.7520475530403815,0.7793375518507443,0.8157887146679406
0.6784028251243651,0.7336885914948488,0.7793332024316094,0.8158043223167086
0.6783893076916135,0.7245059717154547,0.7793375960308451,0.8157904582963567
0.6783854610455083,0.7245021330820814,0.7884997925169511,0.8245729655845471
0.6783815579526881,0.7428807307907909,0.7884713966201364,0.8249570253472016
0.6784104008953489,0.7326142708195429,0.7884888934880985,0.8332307772899243
0.6692140872505498,0.6878034533723125,0.7793367954786917,0.8247137622726961
0.6692154863964778,0.6786376293264151,0.7787559261313962,0.81581170287245
0.6692223350237346,0.7060203137656986,0.7787119240915634,0.8157812165097997
0.6692305928167815,0.7061584608316676,0.7787065031121876,0.815778318138731
0.6692162840495975,0.7061748204996863,0.7701614580530207,0.8157498707261224
0.6600667245578058,0.6694691420311059,0.7701640976296912,0.815762111161676
0.660042667520429,0.6511094251361151,0.7793077239633789,0.8249346748877368
0.660049370005982,0.6511032944396986,0.7792849739420278,0.833171640127397
0.6600518551446661,0.6419315771774422,0.779316419241453,0.83326856540576
0.6600366686604802,0.6327551297398659,0.7697710870692028,0.833280989034289
0.696649663992011,0.6327511886440604,0.7610113269641561,0.8332723132572668
0.6783979311901522,0.6511073011810773,0.7610009935768345,0.8332866647604742
0.6692254460917582,0.660269669870877,0.7610039226791332,0.8333021509194468
0.6692081118417884,0.6602738758887441,0.7609893802898106,0.8332878880486664
0.6600517682988034,0.6327498721033651,0.7695847716130904,0.8332846013615065
0.6600347733264765,0.6235806597203505,0.7780383410218056,0.8330570557471955
0.6600434004822509,0.6235847649171725,0.7782648710217966,0.8329836071790984
0.660064790853787,0.6144143361395235,0.7699700967303911,0.8330024530911911
0.6600675677768283,0.6144271357711046,0.7609747499725444,0.8341467710915987
0.6600629049327673,0.6052366456397418,0.7609622133016037,0.8338768534921451
0.6509026242692733,0.6144012610261962,0.7691633352134294,0.824962495207933
0.6417163531857071,0.6327604050360236,0.7609707768227989,0.8341282576845918
0.6417012377662816,0.6327618616121209,0.7609693728150052,0.8416755253378149
0.632537030149952,0.641933456213473,0.7701358830472369,0.8335558112726714
0.6325205827572336,0.6052469748057969,0.770137953573979,0.8248605030171527
0.6233732949378343,0.5960772358180786,0.7777503062963285,0.8242845296083637
0.6233439668810729,0.596077862358926,0.7778196211061384,0.8243299637224563
0.6233650879777379,0.5960726413635634,0.7778104896758057,0.8157826883233174
0.6233793774211971,0.5960667828965536,0.7776066456300293,0.8157753561023575
0.623358066866358,0.5868982908420697,0.7777364000415471,0.8249511980498859
0.6325155232022229,0.5869038329261766,0.7777746711437308,0.8326731721854652
0.6233128359008602,0.5777152085794237,0.7777968359881612,0.8326826336239531
0.61413489794483,0.5685433519204048,0.7776914862197273,0.8157818282962526
0.6141453913384108,0.5685425939274126,0.777700702295503,0.8067025531972043
0.6141318360781253,0.5685599414661094,0.7777639475531505,0.8066953123520784
0.6049638923737083,0.5685491975292635,0.7877754112318929,0.8067005398411125
0.6049766450702804,0.5685487021821277,0.7786050461102858,0.8067127488103143
0.6049822289270467,0.5869008847721008,0.7701376383690196,0.8066949284146168
0.6141688573810942,0.5869095507705977,0.7786919753047477,0.6956110594162287
0.6049734537996684,0.5869087219143717,0.7783842237139917,0.8158569866138322
0.6050003135816482,0.5869064701394211,0.778089041418375,0.8158731655356055
0.5958137805442155,0.5868963484055322,0.7609708472492854,0.8066914973269129
0.5958086692953874,0.5868943716805097,0.7602761233539073,0.8061974054395036
0.5866332665107512,0.5869065388031712,0.7517977655894843,0.8334195225046058
0.5866348034107696,0.5869148884125386,0.7518253762254572,0.8233671736298444
0.5866164139008063,0.5868904058370368,0.7517965455409583,0.7883423134760325
0.5866400085071681,0.6235907544315734,0.7516473182921088,0.7699923337990977
0.577461062396036,0.6052394440948853,0.7609635661180802,0.7883076461305211
0.57745572156277,0.5960969301609298,0.7686279901613288,0.7963184526364662
0.5774529557362382,0.5869134870333319,0.7686471801474377,0.7883216641476688
0.5958479177259004,0.5777358536885042,0.7518034197530229,0.7608400148604818
0.6050330996821515,0.5777269590066457,0.7426959703038076,0.751658487585048
0.6050383945100632,0.5685495714099691,0.7426970175785806,0.7425011354431195
0.605031758634429,0.5685708379286007,0.742680388712649,0.7333357019628247
0.60503538079311,0.5685604776894811,0.7426911344400146,0.7333194196902413
0.6050394304836515,0.5777347635372747,0.7426792935970125,0.7241629590681321
0.6050581117951795,0.5777439976194052,0.7518288375051412,0.7516491231351058
0.6050472426570767,0.5777419630829301,0.7595314067455724,0.7516675363313494
0.6050617989537168,0.5685442484912655,0.7426907882477933,0.7333097027100702
0.5958707278495236,0.5593905136928637,0.7335070253879958,0.7241604486800811
0.5867153637837597,0.5593736785037567,0.7334926356105875,0.7241368748509673
0.5775401105536649,0.5502010053865396,0.7882127623901448,0.7149809955091226
0.5683542754550006,0.5502145037442041,0.7792210112123623,0.7149769183809703
0.5591785918905099,0.5502101561874547,0.7426962076151695,0.7058179778566467
0.5591954083759758,0.5502412130714818,0.724359552119805,0.7241374899158894
0.5500287800068837,0.5410685623719161,0.7426528559161415,0.724155997720769
0.5500348152440641,0.5502352139375556,0.7426583912499564,0.733315689644126
0.5500039846672963,0.5777449470843792,0.7426432718350967,0.7058346675580675
0.5500325509067732,0.5502177945194041,0.7152044057897748,0.7058169526053731
0.5500170217805559,0.5410390181990492,0.7060236840095642,0.7058085159975503
0.5408768888973097,0.5410482644260631,0.6968332833995907,0.6966438420465593
0.5408716991939365,0.5318657593715606,0.6876599410766207,0.6966412417761867
0.5408706621406546,0.5227014637864733,0.6785214688147018,0.6874808917728302
0.5316896360395752,0.5226946054995499,0.6968160979562981,0.6874835713267415
0.5225234711118069,0.5227059207178141,0.6968083482106492,0.6874860840139787
0.522524862409705,0.5135437010569778,0.6785087433897831,0.687482325478
0.5317084740926453,0.5135279887836892,0.6693510941215822,0.6782972724219942
0.5317183035293923,0.5135287304884839,0.6693476732409155,0.6783021469765751
0.5316848949786813,0.5135257336346836,0.6601852490908267,0.6874731263912629
0.5317137897481865,0.5135341105055432,0.6601785075688705,0.6966440749568765
0.5408913598939987,0.5135409728439841,0.6510021239562668,0.6966499975828919
0.5317140750191611,0.5043629600705672,0.6601695863547582,0.6966584729901982
0.5317116544569304,0.5043550123575676,0.6784989272047492,0.6966480183275539
0.5225303257439107,0.5043500113254994,0.6873050355490808,0.6966416717866601
0.5225378601479318,0.4860092885416542,0.6510006515841728,0.6966525965659802
0.522535590339935,0.48601225076979315,0.6418271601287042,0.6966405279637784
0.51335435525859,0.4768393692026967,0.6418232217300784,0.6966924026259175
0.5041886698025614,0.47683253223969,0.6418252026472013,0.6966826461062519
0.49503172917734384,0.47684265778464496,0.6418332743882537,0.6875728847322213
0.4950226826112397,0.47685103445567983,0.6326762445873861,0.6875859690337328
0.49501128717510884,0.4768412458888987,0.6235120914787335,0.6875925969904583
0.4950137169727878,0.47685473391504146,0.6234992775489279,0.724152324830337
0.4950548508465186,0.47683873303078694,0.6234711922867577,0.7149617776469844
0.48589159815707106,0.4676730384699232,0.6234832581256529,0.7057914775397968
0.48588577840977226,0.4676858344634884,0.6143106095798703,0.7055641323521845
0.4950486506752756,0.49517970904294234,0.6143124458860377,0.6966402296906449
0.4675482971317279,0.4768470945344026,0.6234911287631328,0.6966206601500304
0.45839344022051176,0.46767458050056304,0.6234918411797583,0.6874630095275066
0.449211527173691,0.45848652354684444,0.6326359807120386,0.6874686286585726
0.43088139728102265,0.44932630093561154,0.6326346460177111,0.6966439889762405
0.42169080410518367,0.44933007034275146,0.6234602900793837,0.6962718823558548
0.4217000602439312,0.4401549137754567,0.6234628325949247,0.6965778528298457
0.4033692454856262,0.4401533951084592,0.6234635923093311,0.6874500520688236
0.3941842081078648,0.43098628424275337,0.632632967482841,0.687366622302327
0.39418345632363944,0.44017028417039433,0.6326414822159546,0.6782929631714955
0.3942007580321157,0.4401590082779856,0.6326866736998386,0.6782938429412084
0.39419026277038327,0.44934243924382833,0.6327025807219688,0.6782948410603018
0.39418324461951665,0.4218264102919041,0.6326965766915816,0.6783233371474024
0.39418653432186795,0.4218220499873327,0.660160571914066,0.6783391574935805
0.3850343577648942,0.41265216155167767,0.6417971540323568,0.687500007811972
0.3758661801423461,0.41264757942004887,0.6418044735033263,0.6782927315299814
0.3758654615290337,0.39431157636320463,0.6326225462794699,0.6782971726051595
0.36667562788170915,0.39431457885325255,0.6326384716138849,0.6691638417872011
0.2566771913197756,0.3851449497628241,0.6234628013813186,0.669137566342377
0.3575194818580564,0.38513884927899106,0.6234809527315711,0.6599757159751374
0.3575420753077619,0.38513544142502343,0.6234636543686979,0.6599604198222175
0.3575510902640623,0.37596619562878636,0.6326396519368431,0.6599757614722965
0.3483823126979449,0.38512586198717924,0.6234610225428042,0.6599610892144713
0.33921021803302764,0.3942963897262432,0.62346264304147,0.6599381455313246
0.34837592785281546,0.39430021720759284,0.6234430377902456,0.6599450872145318
0.34837665528442746,0.3942994314730025,0.6142762986601524,0.6599789342009268
0.35755872301887737,0.39429697594954827,0.6142620340838804,0.659977255228612
0.35754215258309385,0.3942913312689585,0.6142700483149761,0.6508049724355729
0.34837417401117404,0.3759601804722313,0.6051037894305072,0.6507740263204546
0.33921740965135583,0.3759425438970384,0.6051361032000061,0.6416254379614764
0.33002526786487807,0.3759449780328208,0.6051343420731767,0.6416429516279286
0.3300282232857449,0.3667738846530023,0.6051450346527504,0.6324634820927637
0.3208607300184583,0.36679893019659066,0.623406496489468,0.6324748143271379
0.32086378924133097,0.37595863988981326,0.6051355551796996,0.6416446311636128
0.3116953407169356,0.3668062730131963,0.6051263417309777,0.6324642805114211
0.31169384414853973,0.3668064434612719,0.5959741661877662,0.6324891432316923
0.3117028646947759,0.3759874816915814,0.5867948521428046,0.6324665218145091
0.3025244239217043,0.3759746327028995,0.5867986002012913,0.6232998262415869
0.3116953774178581,0.375967044305571,0.586798521693267,0.6233292292106779
0.3117074004886086,0.3759882547263176,0.5776272419514082,0.614179073824097
0.31168664538949103,0.36680424436554787,0.5776266168936385,0.6142301875145444
0.3025224245582247,0.36681036528950434,0.5776229591293407,0.6050650227838
0.3025306435673856,0.35762928185755627,0.577630577091481,0.6050706942446639
0.3025303927449682,0.3576414451330017,0.577626043563012,0.605071775365329
0.29336823513369914,0.3484604427897719,0.5776182920143579,0.6050567574979263
0.4675482971317279,0.3484672463380559,0.5684685804146531,0.6324704785717107
0.45839344022051176,0.34846495028399244,0.5684653203484151,0.6232970673443513
0.449211527173691,0.3484733061950761,0.5592807969223439,0.6049576781868488
0.43088139728102265,0.34846497384026187,0.5593056022410537,0.5958029866178789
0.42169080410518367,0.4034742404510304,0.5501327765109765,0.5958052413689953
0.4217000602439312,0.38514192357501875,0.5501239244305471,0.5866177748998224
0.4125293090003599,0.3759639201360901,0.540968039310777,0.5866303165089599
0.40335413934167264,0.35762702190202383,0.540946076648566,0.586623552741897
0.4033692454856262,0.3576299458668681,0.5501282342048592,0.586640974497958
0.3941842081078648,0.3484535912860714,0.5409792166602982,0.5958054082918319
0.39418345632363944,0.33928623330649604,0.5409646909672916,0.5866191102248397
0.3942007580321157,0.3392852577766555,0.5409680105889079,0.5774794238849432
0.39419026277038327,0.3392816933219739,0.5318074502358598,0.5683210665541113
0.39418324461951665,0.33927944108115443,0.5318126494397923,0.568307409788731
0.39418653432186795,0.3301171943126494,0.5318546404538609,0.5591317151964739
0.3850343577648942,0.3301014598080975,0.522686615037237,0.5591239183114047
0.3758661801423461,0.3301075234989457,0.5226935731596773,0.5591392712382506
0.3758654615290337,0.339296091607119,0.5409653275331269,0.5499642766510635
0.36667562788170915,0.3301098502509639,0.5226166389202568,0.5591460563335582
0.2566771913197756,0.3209515620823314,0.5134472587964164,0.5591190121871364
0.3575194818580564,0.3117797078469187,0.5042737001097496,0.5499779432753149
0.3575420753077619,0.33012328002944336,0.5042814917304512,0.5499611128595785
0.3575510902640623,0.3301166558182152,0.5042845230905665,0.5499452669174733
0.3483823126979449,0.3209576877556676,0.49510163095522974,0.5407984163490633
0.33921021803302764,0.30261462091743213,0.49509965104892156,0.5407939107159491
0.34837592785281546,0.29343137414143644,0.48593307878586106,0.5407758244420157
0.34837665528442746,0.2934516215390525,0.49508988387227804,0.5316825709793033
0.35755872301887737,0.30261686874659727,0.4950915703371361,0.531666928357479
0.35754215258309385,0.3117832677552097,0.4859394333681613,0.5316797891980769
0.34837417401117404,0.3117880666189877,0.4859401708607756,0.531667332633429
0.33921740965135583,0.3117819935203413,0.47676254027945564,0.5316638210499545
0.33002526786487807,0.3117779693808015,0.4675996450189212,0.5316663588535918
0.3300282232857449,0.3117698881932021,0.45845769411355053,0.5316757695953046
0.3208607300184583,0.3209521582922896,0.44927827298503076,0.5224895128092021
0.32086378924133097,0.3209630505182751,0.44925175261596273,0.5225003388386131
,0.3209486372118612,0.44928519162305425,0.5225243686661811
,0.32096155141162186,0.4401027635250654,0.5133349040766403
,0.31179041714488603,0.44009746424942153,0.5133299281130891
,0.31178507036782066,0.4492746743478416,0.5133725526438191
,0.31177826925886243,0.44927096231616964,0.513372077753963
,0.3026040609932399,0.44925656731221203,0.5042098720664284
,0.30260915270616634,0.44924750512184713,0.5042617507922241
,0.3026169791359288,0.4400990589298527,0.5042497235180164
,0.28427722999143573,0.4309263419436202,0.522588616043127
,0.27509974240888296,0.4309362066197734,0.5317518382677006
,0.27510294408175523,0.42175145736724035,0.5317621853446313
,0.27509824123314264,0.4217719410059993,0.5317591963040091
,0.27510200870030727,0.42177547645785496,0.531762271199117
,0.2750911756582014,0.42176664295705385,0.531644936735129
,0.27508697851502595,0.42176738116665013,0.522468059046803
,0.27510807760636896,0.42179080278012004,0.5132928937963275
,0.2659263708102313,0.421783185292008,0.5041374281724557
,0.2017604199657342,0.4217809367772325,0.49495675409177736
,0.21092163447272103,0.4217772093763047,0.48581944013470657
,0.2017588062992711,0.4217749505365827,0.48580864411521124
,0.20175048513791835,0.412613682698168,0.4858066278375012
,0.20175655223839722,0.4126129054015332,0.4766475133973995
,0.19257462794995248,0.4126131396968424,0.4766339374839931
,0.1925763425562177,0.4034546535370645,0.47664755928583746
,0.18340452226699364,0.40347113337883556,0.4766483643904295
,0.18340136858633518,0.4034471219988368,0.4766408097281642
,0.18340592020385657,0.40350207799821036,0.47664299296394536
,0.18339970571091313,0.39432662525448664,0.47663487503063523
,0.1834006206854805,0.3943204158633135,0.46747392404217153
,0.18340666724958157,0.3943280815973094,0.45829771879419984
,0.17423782964319812,0.44012459497942436,0.4583131640058711
,0.17422964204624622,0.4217603456726136,0.4491595203380298
,0.17422863151573284,0.41259777288930977,0.45830446817121645
,0.13754795947762688,0.40342597614736586,0.45831696943468675
,0.1742340447723112,0.394238448273518,0.45829527671610687
,0.17423857811290144,0.39427595531626036,0.4583135333765544
,0.17422888662627534,0.38509671884311186,0.4582934903472759
,0.1742301980092552,0.38509894905962005,0.45830226924610296
,0.17423478525761607,0.38509814275133675,0.4583241656877905
,0.1742244449700362,0.375928629827926,0.44913862431787327
,0.18340211050219354,0.3759208220522054,0.4491415242266261
,0.17422722131463697,0.3759308670187542,0.4491468758935601
,0.1834059204434783,0.3759150269528772,0.4399809569702454
,0.17422345348511786,0.3759324463291153,0.4399817430237958
,0.1742302360804247,0.37593240909350517,0.43079567965736987
,0.1742393633711196,0.3667583381893734,0.4216385600153079
,0.17423787198516125,0.3759392098206763,0.4216453853455022
,0.16506748965652687,0.3759188788731482,0.4216375588822407
,0.16506294995085416,0.35757507794327364,0.41247410907626747
,0.16505837885931787,0.35759021554705267,0.41248161459686367
,0.16507282391769607,0.348420678866237,0.41247771028157204
,0.1650629015375932,0.3575782093917578,0.4033323320250547
,0.16506588524617963,0.3575925690963546,0.4033360531000049
,0.16505912586394203,0.3575772416893581,0.4308534632684026
,,0.35758653267353196,0.41251257819866793
,,0.3575827687011041,0.40333844110134637
,,0.3575864855791966,0.40334890515609323
,,0.3667514772225201,0.3849892813596672
,,0.3667438757267468,0.37583316103545844
,,0.3575684680234346,0.3758293760979569
,,0.3484148071780292,0.36666392073334825
,,0.3484109817781412,0.36665594464160206
,,0.348410247355975,0.36666492215227886
,,0.3392345505287781,0.35749515454409875
,,0.339241422428447,0.3574802609398135
,,0.33009969074523265,0.35750128589383245
,,0.3208966998402614,0.3666499445795681
,,0.32090977997768766,0.36666499967859023
,,0.3209149922440209,0.3574752584903986
,,0.32090449134094656,0.35748401120060963
,,0.3209095490521601,0.3483232128455763
,,0.3209051779702877,0.34832716914406686
,,0.3117386859995954,0.33915597406579073
,,0.21089531533190023,0.33915446573967356
,,0.3117447154690847,0.32999002410290706
,,0.3117663196982923,0.3299750597044845
,,0.30259677981302896,0.3299945971499221
,,0.2659233354470326,0.32999528926107047
,,0.23839504683550988,0.3208187671522773
,,0.23840865819949014,0.32082186085205905
,,0.22923456117425983,0.32081716837104896
,,0.2292399171979958,0.3299765895889801
,,0.22005271081337358,0.3208176506887652
,,0.22005714866451415,0.3299953808345764
,,0.21089688174486998,0.3300051738491512
,,0.210897705558328,0.32086784074000835
,,0.20173484068301567,0.3208693312374981
,,0.201719098069418,0.3025389581234552
,,0.20172278607440508,0.30253361904581955
,,0.2017092198081129,0.30254278430672593
,,,0.3025335905492878
,,,0.293357842935663
,,,0.2933616706954004
,,,0.2933586833445347
,,,0.2841842699714208
,,,0.2841955204213499
,,,0.2933508802540694
,,,0.29336895202142355
,,,0.2933640185028735
,,,0.284198826662464
,,,0.293364733055524
,,,0.2841951108056501
,,,0.41251257819866793
,,,0.40333844110134637
,,,0.40334890515609323
,,,0.3849892813596672
,,,0.37583316103545844
,,,0.3758293760979569
,,,0.36666392073334825
,,,0.36665594464160206
,,,0.36666492215227886
,,,0.35749515454409875
,,,0.3574802609398135
,,,0.35750128589383245
